x,y,z,alpha,beta,gamma
0.249329,0.07800001,1.011157,0,35.63503,180
0.249329,0.07800001,1.011157,0,35.63503,180
0.249329,0.07800001,1.011157,0,35.63503,180
